"DESCRIPTION","DURATION IN MS","NAME","PARENT SUITE","START TIME","STATUS","STOP TIME","SUB SUITE","SUITE","TEST CLASS","TEST METHOD"
"","518","test_product_browse_on_mobile[webkit]","tests.ui","2026-09-27","passed","2026-09-27","","test_mobile","",""
"","975","test_search_on_mobile[webkit]","tests.ui","2026-09-27","passed","2026-09-27","","test_mobile","",""
"","1017","test_product_details_page_shows_expected_fields[chromium]","tests.ui","2026-09-27","passed","2026-09-27","","test_search_and_browse","",""
"","576","test_submit_contact_form_with_required_fields_empty[chromium]","tests.ui","2026-09-27","passed","2026-09-27","","test_contact_form","",""
"","576","test_recommended_items_appears_on_homepage[webkit]","tests.ui","2026-09-27","passed","2026-09-27","","test_cart","",""
"","549","test_submit_contact_form_with_required_fields_empty[firefox]","tests.ui","2026-09-27","passed","2026-09-27","","test_contact_form","",""
"","1063","test_login_with_wrong_password[firefox]","tests.ui","2026-09-27","passed","2026-09-27","","test_login","",""
"","1019","test_category_filter_returns_filtered_results[chromium]","tests.ui","2026-09-27","passed","2026-09-27","","test_search_and_browse","",""
"","1482","test_add_multiple_products_to_cart[webkit]","tests.ui","2026-09-27","passed","2026-09-27","","test_cart","",""
"","644","test_logout_returns_to_logged_out_state[webkit]","tests.ui","2026-09-27","passed","2026-09-27","","test_login","",""
"","1150","test_register_with_already_registered_email[firefox]","tests.ui","2026-09-27","passed","2026-09-27","","test_registration","",""
"","1615","test_add_multiple_products_to_cart[firefox]","tests.ui","2026-09-27","passed","2026-09-27","","test_cart","",""
"","2847","test_checkout_flow_up_to_order_confirmation[chromium]","tests.ui","2026-09-27","passed","2026-09-27","","test_checkout","",""
"","883","test_search_on_mobile[firefox]","tests.ui","2026-09-27","passed","2026-09-27","","test_mobile","",""
"","642","test_category_filter_returns_filtered_results[webkit]","tests.ui","2026-09-27","passed","2026-09-27","","test_search_and_browse","",""
"","420","test_logout_returns_to_logged_out_state[firefox]","tests.ui","2026-09-27","passed","2026-09-27","","test_login","",""
"","1076","test_login_with_wrong_password[webkit]","tests.ui","2026-09-27","passed","2026-09-27","","test_login","",""
"","71","test_put_brands_list_method_not_allowed","tests.api","2026-09-27","passed","2026-09-27","","test_brands_api","",""
"","708","test_subscribe_to_newsletter[webkit]","tests.ui","2026-09-27","passed","2026-09-27","","test_contact_form","",""
"","2462","test_register_new_user_with_valid_data[firefox]","tests.ui","2026-09-27","passed","2026-09-27","","test_registration","",""
"","757","test_homepage_loads_on_mobile[firefox]","tests.ui","2026-09-27","passed","2026-09-27","","test_mobile","",""
"","1411","test_remove_item_from_cart[chromium]","tests.ui","2026-09-27","passed","2026-09-27","","test_cart","",""
"","1101","test_brand_filter_returns_filtered_results[chromium]","tests.ui","2026-09-27","passed","2026-09-27","","test_search_and_browse","",""
"","76","test_search_product_with_no_matching_term_returns_empty_list","tests.api","2026-09-27","passed","2026-09-27","","test_search_api","",""
"","2135","test_register_new_user_with_valid_data[chromium]","tests.ui","2026-09-27","passed","2026-09-27","","test_registration","",""
"","1122","test_login_with_unregistered_email[chromium]","tests.ui","2026-09-27","passed","2026-09-27","","test_login","",""
"","1476","test_add_product_to_cart_with_specific_quantity[chromium]","tests.ui","2026-09-27","passed","2026-09-27","","test_cart","",""
"","57","test_search_product_with_missing_parameter","tests.api","2026-09-27","passed","2026-09-27","","test_search_api","",""
"","3080","test_checkout_flow_up_to_order_confirmation[firefox]","tests.ui","2026-09-27","passed","2026-09-27","","test_checkout","",""
"","632","test_search_with_no_matches_shows_no_products[webkit]","tests.ui","2026-09-27","passed","2026-09-27","","test_search_and_browse","",""
"","1066","test_search_for_existing_product[webkit]","tests.ui","2026-09-27","passed","2026-09-27","","test_search_and_browse","",""
"","107","test_search_product_with_valid_term_returns_matches","tests.api","2026-09-27","passed","2026-09-27","","test_search_api","",""
"","858","test_recommended_items_appears_on_homepage[chromium]","tests.ui","2026-09-27","passed","2026-09-27","","test_cart","",""
"","1231","test_category_filter_returns_filtered_results[firefox]","tests.ui","2026-09-27","passed","2026-09-27","","test_search_and_browse","",""
"","2926","test_remove_item_from_cart[firefox]","tests.ui","2026-09-27","passed","2026-09-27","","test_cart","",""
"","1845","test_login_with_valid_credentials[chromium]","tests.ui","2026-09-27","passed","2026-09-27","","test_login","",""
"","473","test_submit_contact_form_with_valid_data[webkit]","tests.ui","2026-09-27","passed","2026-09-27","","test_contact_form","",""
"","616","test_product_browse_on_mobile[chromium]","tests.ui","2026-09-27","passed","2026-09-27","","test_mobile","",""
"","233","test_create_account_with_already_registered_email","tests.api","2026-09-27","passed","2026-09-27","","test_account_api","",""
"","872","test_brand_filter_returns_filtered_results[firefox]","tests.ui","2026-09-27","passed","2026-09-27","","test_search_and_browse","",""
"","2516","test_register_new_user_with_valid_data[webkit]","tests.ui","2026-09-27","passed","2026-09-27","","test_registration","",""
"","1055","test_product_details_page_shows_expected_fields[firefox]","tests.ui","2026-09-27","passed","2026-09-27","","test_search_and_browse","",""
"","1303","test_login_with_valid_credentials[webkit]","tests.ui","2026-09-27","passed","2026-09-27","","test_login","",""
"","585","test_product_browse_on_mobile[firefox]","tests.ui","2026-09-27","passed","2026-09-27","","test_mobile","",""
"","1033","test_search_for_existing_product[chromium]","tests.ui","2026-09-27","passed","2026-09-27","","test_search_and_browse","",""
"","9344","test_login_with_valid_credentials[firefox]","tests.ui","2026-09-27","passed","2026-09-27","","test_login","",""
"","1034","test_search_for_existing_product[firefox]","tests.ui","2026-09-27","passed","2026-09-27","","test_search_and_browse","",""
"","1531","test_add_multiple_products_to_cart[chromium]","tests.ui","2026-09-27","passed","2026-09-27","","test_cart","",""
"","532","test_homepage_loads_on_mobile[chromium]","tests.ui","2026-09-27","passed","2026-09-27","","test_mobile","",""
"","845","test_product_details_page_shows_expected_fields[webkit]","tests.ui","2026-09-27","passed","2026-09-27","","test_search_and_browse","",""
"","59","test_post_products_list_method_not_allowed","tests.api","2026-09-27","passed","2026-09-27","","test_products_api","",""
"","1011","test_search_on_mobile[chromium]","tests.ui","2026-09-27","passed","2026-09-27","","test_mobile","",""
"","97","test_verify_login_with_missing_password","tests.api","2026-09-27","passed","2026-09-27","","test_login_api","",""
"","1201","test_login_with_wrong_password[chromium]","tests.ui","2026-09-27","passed","2026-09-27","","test_login","",""
"","621","test_submit_contact_form_with_valid_data[chromium]","tests.ui","2026-09-27","passed","2026-09-27","","test_contact_form","",""
"","68","test_get_brands_list_returns_brands","tests.api","2026-09-27","passed","2026-09-27","","test_brands_api","",""
"","642","test_recommended_items_appears_on_homepage[firefox]","tests.ui","2026-09-27","passed","2026-09-27","","test_cart","",""
"","2467","test_add_product_to_cart_with_specific_quantity[webkit]","tests.ui","2026-09-27","passed","2026-09-27","","test_cart","",""
"","957","test_login_with_unregistered_email[firefox]","tests.ui","2026-09-27","passed","2026-09-27","","test_login","",""
"","497","test_logout_returns_to_logged_out_state[chromium]","tests.ui","2026-09-27","passed","2026-09-27","","test_login","",""
"","330","test_submit_contact_form_with_required_fields_empty[webkit]","tests.ui","2026-09-27","passed","2026-09-27","","test_contact_form","",""
"","1607","test_remove_item_from_cart[webkit]","tests.ui","2026-09-27","passed","2026-09-27","","test_cart","",""
"","510","test_homepage_loads_on_mobile[webkit]","tests.ui","2026-09-27","passed","2026-09-27","","test_mobile","",""
"","1031","test_login_with_unregistered_email[webkit]","tests.ui","2026-09-27","passed","2026-09-27","","test_login","",""
"","122","test_verify_login_delete_method_not_allowed","tests.api","2026-09-27","passed","2026-09-27","","test_login_api","",""
"","5497","test_checkout_flow_up_to_order_confirmation[webkit]","tests.ui","2026-09-27","passed","2026-09-27","","test_checkout","",""
"","871","test_subscribe_to_newsletter[firefox]","tests.ui","2026-09-27","passed","2026-09-27","","test_contact_form","",""
"","1188","test_register_with_already_registered_email[chromium]","tests.ui","2026-09-27","passed","2026-09-27","","test_registration","",""
"","196","test_get_products_list_returns_products","tests.api","2026-09-27","passed","2026-09-27","","test_products_api","",""
"","672","test_brand_filter_returns_filtered_results[webkit]","tests.ui","2026-09-27","passed","2026-09-27","","test_search_and_browse","",""
"","650","test_submit_contact_form_with_valid_data[firefox]","tests.ui","2026-09-27","passed","2026-09-27","","test_contact_form","",""
"","776","test_homepage_loads[firefox]","tests.ui","2026-09-27","passed","2026-09-27","","test_smoke_homepage","",""
"","673","test_subscribe_to_newsletter[chromium]","tests.ui","2026-09-27","passed","2026-09-27","","test_contact_form","",""
"","435","test_verify_login_with_valid_credentials","tests.api","2026-09-27","passed","2026-09-27","","test_login_api","",""
"","401","test_create_and_delete_account","tests.api","2026-09-27","passed","2026-09-27","","test_account_api","",""
"","854","test_search_with_no_matches_shows_no_products[chromium]","tests.ui","2026-09-27","passed","2026-09-27","","test_search_and_browse","",""
"","1704","test_search_with_no_matches_shows_no_products[firefox]","tests.ui","2026-09-27","passed","2026-09-27","","test_search_and_browse","",""
"","1021","test_register_with_already_registered_email[webkit]","tests.ui","2026-09-27","passed","2026-09-27","","test_registration","",""
"","469","test_homepage_loads[chromium]","tests.ui","2026-09-27","passed","2026-09-27","","test_smoke_homepage","",""
"","2572","test_add_product_to_cart_with_specific_quantity[firefox]","tests.ui","2026-09-27","passed","2026-09-27","","test_cart","",""
"","524","test_homepage_loads[webkit]","tests.ui","2026-09-27","passed","2026-09-27","","test_smoke_homepage","",""
"","59","test_verify_login_with_invalid_credentials","tests.api","2026-09-27","passed","2026-09-27","","test_login_api","",""
